Planet Name,Host Name,Number of Stars,Number of Planets,Discovery Method,Discovery Year,Orbital Period [days],Planet Radius [Earth Radius],Planet Mass or Mass*sin(i) [Earth Mass],Planet Mass or Mass*sin(i) [Jupiter Mass],Equilibrium Temperature [K],Insolation Flux [Earth Flux],Planet Density [g/cm**3],Eccentricity,Impact Parameter,Ratio of Semi-Major Axis to Stellar Radius,habitability_score
TOI-2406 b,TOI-2406,1,1,Transit,2021,3.0766891,2.86,15.6,0.04908,449.0,6.69,27.4,0.17,0.09,23.95,0.39751432980074763
TOI-2120 b,TOI-2120,1,1,Transit,2024,5.7998164,2.122,6.8,0.0214,384.0,3.61,20.6,0.32,0.55,33.21,0.3920990905567863
TOI-4603 b,TOI-4603,1,1,Transit,2023,7.24599,11.68,4096.80817,12.89,1677.0,1192.0,14.1,0.325,0.9521,6.97,0.2802643875846226
TOI-1448 b,TOI-1448,1,1,Transit,2024,8.112245,2.749,19.5,0.06135,426.0,5.45,9.51,0.36,0.21,32.1,0.46511822760799343
TOI-1075 b,TOI-1075,1,1,Transit,2022,0.6047328,1.791,9.95,0.03131,1323.0,509.2,9.32,0.0,0.4,4.4,0.43426315783453245
GPX-1 b,GPX-1,1,1,Transit,2021,1.744579,16.477,6261.21962,19.7,2300.0,4650.0,8.22242,0.0,0.82,4.67,0.41142850107165446
K2-216 b,K2-216,1,1,Transit,2018,2.1748,1.75,8.0,0.02517,1103.0,248.0,8.2,0.0,0.45,8.3,0.45087526309249565
HD 20329 b,HD 20329,1,1,Transit,2022,0.926118,1.72,7.42,0.02335,2141.0,3474.0,8.06,0.0,0.826,3.42,0.41400774962568676
TOI-782 b,TOI-782,1,1,Transit,2024,8.0240015,2.734,19.1,0.0601,435.0,5.91,7.99,0.19,0.46,30.07,0.4877637738056959
K2-66 b,K2-66,1,1,Transit,2016,5.06963,2.49,21.3,0.06702,1372.0,840.0,7.8,0.0,0.47,7.874,0.45641822064429177
TOI-172 b,TOI-172,1,1,Transit,2019,9.47725,10.817,1722.6386,5.42,1198.0,299.0,7.53,0.3806,0.22,11.09,0.43200100553478843
Kepler-553 c,Kepler-553,1,2,Transit,2016,328.24017,11.579,2129.45033,6.7,251.0,0.59,7.53,0.346,0.751,214.8,0.7040224721089803
HD 23472 e,HD 23472,1,5,Transit,2022,7.90754,0.818,0.72,0.00227,723.0,46.7,7.5,0.07,0.5,21.0,0.4595121690933301
HD 23472 d,HD 23472,1,5,Transit,2022,3.97664,0.75,0.55,0.00173,909.0,117.0,7.5,0.07,0.47,13.29,0.45655007089519095
K2-292 b,K2-292,1,1,Transit,2019,16.9841,2.63,24.5,0.07709,795.0,67.0,7.4,0.04,0.68,25.9,0.4471795077163391
GJ 3929 b,GJ 3929,1,2,Transit,2022,2.616235,1.09,1.75,0.00551,568.0,17.3,7.3,0.0,0.11,16.8,0.5259792147745815
Wolf 327 b,Wolf 327,1,1,Transit,2024,0.5734745,1.24,2.53,0.00796,996.0,233.9,7.24,0.0,0.47,5.3,0.47069475169920666
TOI-815 c,TOI-815,2,2,Transit,2024,34.976145,2.62,23.5,0.07394,469.0,8.03,7.2,0.22,0.839,53.9,0.45375446603159947
K2-199 b,K2-199,1,2,Transit,2018,3.2253993,1.73,6.9,0.02171,913.0,116.2,7.2,0.02,0.25,12.07,0.4934975252264051
GJ 486 b,GJ 486,1,1,Radial Velocity,2021,1.46712127,1.289,2.77,0.00872,696.0,39.2,6.66,0.00086,0.12,11.38,0.5306702451695332
HATS-70 b,HATS-70,1,1,Transit,2019,1.8882378,15.513,4100.007,12.9,2730.0,9110.0,6.64,0.18,0.24,4.17,0.4822276866157002
WASP-18 b,WASP-18,2,2,Transit,2009,0.94145223,13.899,3241.84975,10.2,2429.0,5805.0,6.6,0.0051,0.36,3.48,0.4976193431637401
EPIC 249893012 b,EPIC 249893012,1,3,Transit,2020,3.5951,1.95,8.75,0.02753,1616.0,1037.0,6.39,0.06,0.42,5.93,0.4909574825958187
TOI-2379 b,TOI-2379,1,1,Transit,2024,5.4693827,11.725,1830.69162,5.76,624.0,25.3,6.21,0.342,0.242,18.17,0.4884626488272352
HD 260655 b,HD 260655,1,2,Transit,2022,2.76953,1.24,2.14,0.00673,709.0,42.2,6.2,0.039,0.665,14.43,0.4857255126149723
HD 23472 b,HD 23472,1,5,Transit,2019,17.667087,2.0,8.32,0.02618,543.0,16.0,6.15,0.072,0.69,37.1,0.4981406945332497
GJ 1132 b,GJ 1132,1,2,Transit,2015,1.62892911,1.192,1.83705,0.00578,584.0,19.3,5.97,0.0118,0.504,15.26,0.5244612936577617
LTT 3780 b,LTT 3780,2,2,Transit,2020,0.76837931,1.325,2.46,0.00774,903.0,111.0,5.8,0.0,0.462,6.79,0.5206564564777438
HD 136352 b,HD 136352,1,3,Radial Velocity,2019,11.57797,1.664,4.72,0.01485,905.0,111.6,5.62389,0.0,0.52,19.6,0.524655295229469
K2-182 b,K2-182,1,1,Transit,2018,4.7369683,2.69,20.0,0.06293,969.0,146.9,5.6,0.04,0.2,14.23,0.5499316400566683
LTT 1445 A c,LTT 1445 A,3,2,Transit,2022,3.1239035,1.147,1.54,0.00485,508.0,10.9,5.57,0.223,0.937,21.56,0.4812260593596246
Qatar-4 b,Qatar-4,1,1,Transit,2017,1.8053564,12.722,1938.763,6.1,1385.0,614.0,5.1,0.0,0.31,7.11,0.5285168095928074
GJ 3473 b,GJ 3473,2,2,Transit,2020,1.1980035,1.264,1.86,0.00585,773.0,59.4,5.03,0.0,0.336,9.39,0.5289332208251725
TOI-500 b,TOI-500,1,4,Transit,2022,0.548177,1.166,1.42,0.00447,1617.0,1138.0,4.89,0.063,0.53,3.769,0.48823527259521926
Kepler-1514 b,Kepler-1514,1,2,Transit,2016,217.83184,12.42,1678.1424,5.28,388.0,3.23,4.82,0.401,0.169,125.6,0.6094326760034557
HD 260655 c,HD 260655,1,2,Transit,2022,5.70588,1.533,3.09,0.00972,557.0,16.1,4.7,0.038,0.89,23.37,0.47430842082317726
L 98-59 c,L 98-59,1,4,Transit,2019,3.6906777,1.385,2.22,0.00698,553.0,12.8,4.57,0.103,0.601,19.0,0.49382679475753977
TOI-1416 b,TOI-1416,1,1,Transit,2023,1.0697568,1.62,3.48,0.01095,1517.0,883.0,4.5,0.0,0.39,5.14,0.49857673984374573
TIC 393818343 b,TIC 393818343,1,1,Transit,2024,16.24921,12.184,1379.37529,4.34,806.0,2.28,4.22,0.6058,0.119,25.6,0.5830600758223013
TOI-561 e,TOI-561,1,4,Transit,2020,77.03,2.55,12.6,0.03964,415.0,4.96,4.2,0.079,0.28,83.22,0.5756924310865662
Kepler-1704 b,Kepler-1704,1,1,Transit,2013,988.88112,11.949,1322.16617,4.16,254.0,0.34,4.07,0.92,0.37,256.4,0.6098248435441449
Qatar-3 b,Qatar-3,1,1,Transit,2017,2.5079204,12.285,1369.8473,4.31,1681.0,1330.0,4.0,0.0,0.35,6.39,0.4876195763495713
TOI-733 b,TOI-733,1,1,Transit,2023,4.884765,1.992,5.72,0.018,1056.0,207.1,3.98,0.046,0.29,14.0,0.4889816569264873
HD 95338 b,HD 95338,1,1,Radial Velocity,2020,55.087,3.89,42.44,0.13353,385.0,7.42,3.98,0.197,0.43,64.676,0.508565227674706
Qatar-5 b,Qatar-5,1,1,Transit,2017,2.8792319,12.408,1373.0256,4.32,1415.0,669.0,3.95,0.0,0.18,8.27,0.5038312375025495
TOI-1052 b,TOI-1052,1,2,Transit,2023,9.139703,2.87,16.9,0.05317,1135.0,246.0,3.93,0.18,0.808,15.51,0.4157169543757064
KELT-24 b,KELT-24,2,1,Transit,2019,5.55149296,12.711,1458.83239,4.59,1391.0,624.0,3.9,0.0319,0.061,10.67,0.5100534000571201
HD 73583 c,HD 73583,1,2,Transit,2022,18.87974,2.39,9.7,0.03052,498.0,10.2,3.88,0.08,0.21,41.11,0.5271692308490163
TOI-1470 b,TOI-1470,1,2,Transit,2023,2.527093,2.18,7.32,0.02303,734.0,46.3,3.86,0.3,0.59,13.05,0.4232950671702441
TOI-561 b,TOI-561,1,4,Transit,2020,0.4465688,1.425,2.0,0.00629,2310.0,4745.0,3.8,0.0,0.13,2.685,0.5033344921059637
K2-3 c,K2-3,1,3,Transit,2015,24.646729,1.582,2.68,0.00843,372.0,3.17,3.7,0.048,0.14,53.5,0.6130505252644419
L 98-59 b,L 98-59,1,4,Transit,2019,2.2531136,0.85,0.4,0.00126,627.0,24.7,3.6,0.103,0.53,15.0,0.45907778412886574
Kepler-138 d,Kepler-138,1,4,Transit,2014,23.0923,1.51,2.1,0.00661,345.0,3.4,3.6,0.01,0.87,51.8,0.5353604194159629
Kepler-138 c,Kepler-138,1,4,Transit,2014,13.7815,1.51,2.3,0.00724,410.0,6.8,3.6,0.017,0.6,37.0,0.5066285572071261
HIP 116454 b,HIP 116454,2,1,Transit,2014,9.1004157,2.469,9.7,0.03052,753.0,51.29,3.53,0.215,0.34,22.46,0.4536191614039544
HATS-17 b,HATS-17,1,1,Transit,2016,16.254611,8.709,425.25654,1.338,814.0,72.7,3.5,0.029,0.432,25.8,0.47022973089642656
TOI-1260 c,TOI-1260,1,3,Transit,2021,7.493134,2.76,13.2,0.04153,651.0,29.81,3.45,0.0,0.75,20.99,0.4475582503051352
Kepler-111 c,Kepler-111,1,2,Transit,2014,224.77833,7.084,222.47988,0.7,352.0,2.48,3.42,0.176,0.65,141.0,0.5925707277597946
TOI-1260 b,TOI-1260,1,3,Transit,2021,3.127463,2.41,8.56,0.02693,871.0,95.58,3.35,0.0,0.2,11.73,0.49036098832193026
TOI-2136 b,TOI-2136,1,1,Transit,2022,7.851928,2.19,6.37,0.02004,395.0,4.0,3.34,0.0,0.35,35.75,0.5636628669282393
TOI-2196 b,TOI-2196,1,1,Transit,2022,1.1947268,3.51,26.0,0.08181,1860.0,2000.0,3.31,0.0,0.712,4.61,0.4334518561962626
LTT 3780 c,LTT 3780,2,2,Transit,2020,12.252284,2.39,8.04,0.0253,359.0,2.76,3.24,0.024,0.794,43.0,0.5542014828061548
TOI-561 d,TOI-561,1,4,Transit,2020,25.7124,2.82,13.2,0.04153,598.0,21.4,3.2,0.122,0.45,40.04,0.46190682515217824
HD 207496 b,HD 207496,1,1,Transit,2023,6.441008,2.25,6.1,0.01919,743.0,72.9,3.17,0.231,0.43,21.47,0.4315703753985173
K2-3 b,K2-3,1,3,Transit,2015,10.0546535,2.078,5.11,0.01608,501.0,10.5,3.11,0.107,0.31,29.44,0.49094226594777424
HD 23472 c,HD 23472,1,5,Transit,2019,29.79749,1.87,3.41,0.01073,467.0,7.96,3.1,0.063,0.785,50.2,0.46485972908729584
Kepler-849 b,Kepler-849,1,1,Transit,2016,394.62508,8.082,298.7587,0.94,363.0,2.86,3.09,0.078,0.19,134.0,0.6243377651812078
TOI-132 b,TOI-132,1,1,Transit,2020,2.1097019,3.42,22.4,0.07048,1395.0,860.0,3.08,0.059,0.533,6.362,0.43787195712350635
K2-114 b,K2-114,1,1,Transit,2017,11.3909311,10.447,638.8351,2.01,701.0,40.0,3.08,0.081,0.361,24.63,0.4635456129608619
TOI-2000 b,TOI-2000,1,2,Transit,2023,3.09833,2.7,11.0,0.0347,1488.0,628.0,3.07,0.0,0.77,8.1,0.4232676797640599
K2-285 b,K2-285,1,4,Transit,2018,3.471745,2.59,9.68,0.03046,1089.0,234.31,3.07,0.0,0.57,10.43,0.4446285966503918
TOI-3261 b,TOI-3261,1,1,Transit,2024,0.8831331,3.82,30.3,0.09533,1722.0,1466.0,3.0,0.0,0.17,4.333,0.48076029851534163
HD 23472 f,HD 23472,1,5,Transit,2022,12.1621839,1.137,0.77,0.00242,630.0,26.3,3.0,0.07,0.57,28.0,0.44778997012604405
TOI-125 d,TOI-125,1,3,Transit,2020,19.98,2.93,13.6,0.04279,638.0,26.7,2.98,0.168,0.652,34.77,0.42563751683102397
L 98-59 d,L 98-59,1,4,Transit,2019,7.4507245,1.521,1.94,0.0061,416.0,5.01,2.95,0.074,0.922,33.7,0.4686319517032225
K2-199 c,K2-199,1,2,Transit,2018,7.3744897,2.85,12.4,0.03901,694.0,38.6,2.9,0.03,0.49,20.96,0.45405335958051224
HD 5278 b,HD 5278,1,2,Transit,2021,14.339156,2.45,7.8,0.02454,943.0,132.0,2.9,0.08,0.27,22.4,0.4624160602237148
HD 136352 d,HD 136352,1,3,Radial Velocity,2019,107.245,2.562,8.82,0.02775,431.0,5.74,2.87811,0.0,0.41,86.46,0.5330379022945315
TOI-1470 c,TOI-1470,1,2,Transit,2023,18.08816,2.47,7.24,0.02278,373.0,3.35,2.66,0.5,0.47,48.46,0.48177620806032884
TOI-2134 b,TOI-2134,1,2,Transit,2023,9.2292005,2.69,9.13,0.02873,666.0,32.0,2.607,0.06,0.21,23.66,0.4740392288376709
HD 73583 b,HD 73583,1,2,Transit,2022,6.398042,2.79,10.2,0.03209,714.0,43.3,2.58,0.09,0.566,19.98,0.4298487411222747
HATS-76 b,HATS-76,1,1,Transit,2021,1.9416423,12.094,835.57088,2.629,940.0,129.8,2.58,0.062,0.281,9.12,0.4551325228784107
TOI-125 b,TOI-125,1,3,Transit,2019,4.65382,2.726,9.5,0.02989,1037.0,185.0,2.57,0.194,0.27,13.16,0.43617745836014643
HD 136352 c,HD 136352,1,3,Radial Velocity,2019,27.59221,2.916,11.24,0.03536,677.0,35.1,2.49767,0.0,0.872,34.97,0.4160450801089006
HATS-61 b,HATS-61,1,1,Transit,2018,7.817953,13.395,1080.622,3.4,1226.0,374.2,2.47,0.092,0.508,10.23,0.424274226457408
TOI-1201 b,TOI-1201,2,1,Transit,2021,2.4919863,2.415,6.28,0.01976,703.0,40.6,2.45,0.0,0.404,12.23,0.4561513982636314
HATS-66 b,HATS-66,1,1,Transit,2018,3.1414391,15.816,1694.0339,5.33,1998.0,2637.0,2.34,0.064,0.283,5.5,0.44690261471402937
TOI-2015 b,TOI-2015,1,1,Transit,2023,3.348968,3.39,16.4,0.0516,512.0,11.47,2.32,0.0,0.696,19.46,0.4478027924916605
TOI-2384 b,TOI-2384,1,1,Transit,2024,2.13570304,11.489,624.85065,1.966,890.0,104.3,2.26,0.0,0.28,9.82,0.4593573833653809
GJ 1214 b,GJ 1214,1,1,Transit,2009,1.58040453,2.733,8.41,0.02646,567.0,17.2,2.26,0.0062,0.264,14.97,0.4779729217850226
K2-266 e,K2-266,2,4,Transit,2018,19.482,2.73,14.3,0.04499,490.0,9.58,2.21,0.043,0.36,38.2,0.4827532642188496
TOI-1260 d,TOI-1260,1,3,Transit,2022,16.608164,3.12,11.84,0.03725,499.0,10.32,2.14,0.0,0.53,35.69,0.46782704312311096
TIC 139270665 b,TIC 139270665,1,2,Transit,2024,23.624,7.23,147.15455,0.463,703.0,40.3,2.13,0.105,0.16,34.5,0.4634265963047632
TOI-4791 b,TOI-4791,1,1,Transit,2023,4.28088,12.442,734.18362,2.31,1472.0,783.2,2.09,0.0,0.657,8.46,0.4155073989615479
K2-100 b,K2-100,1,1,Transit,2016,1.6739035,3.88,21.8,0.06859,1841.0,1915.0,2.04,0.0,0.791,5.21,0.40039907043650447
K2-266 d,K2-266,2,4,Transit,2018,14.697,2.93,8.9,0.028,538.0,13.95,2.03,0.047,0.29,31.7,0.4732345309410875
K2-285 c,K2-285,1,4,Transit,2018,7.138048,3.53,15.68,0.04933,741.0,50.35,1.95,0.0,0.05,22.51,0.48296869798592257
TOI-4201 b,TOI-4201,1,1,Transit,2023,3.5819194,13.675,788.21445,2.48,725.0,45.2,1.82,0.041,0.499,13.694,0.4288886791846499
TOI-3331 A b,TOI-3331 A,2,1,Transit,2022,2.0180231,12.98,721.47048,2.27,1488.0,818.5,1.82,0.0,0.569,7.09,0.4195132320759146
HAT-P-61 b,HAT-P-61,1,1,Transit,2021,1.90231289,10.077,335.94463,1.057,1505.0,849.5,1.8,0.113,0.767,6.9,0.38238859288162586
TOI-1231 b,TOI-1231,1,1,Transit,2021,24.245586,3.65,15.4,0.04845,330.0,1.93,1.74,0.087,0.27,58.1,0.626451509629866
TOI-125 c,TOI-125,1,3,Transit,2019,9.15059,2.759,6.63,0.02086,828.0,77.59,1.73,0.066,0.522,20.66,0.41947397035692646
Kepler-138 b,Kepler-138,1,4,Transit,2014,10.3134,0.64,0.07,0.00022,452.0,9.9,1.7,0.02,0.7,30.3,0.44083947867368645
TOI-815 b,TOI-815,2,2,Transit,2024,11.197259,2.94,7.6,0.02391,686.0,36.9,1.64,0.2,0.279,25.2,0.42810907784394514
HATS-74 A b,HATS-74 A,2,1,Transit,2021,1.73185606,11.568,464.02947,1.46,895.0,106.9,1.64,0.044,0.406,8.9,0.42951423276603373
EPIC 249893012 c,EPIC 249893012,1,3,Transit,2020,15.624,3.67,14.67,0.04616,990.0,160.0,1.62,0.07,0.6,15.79,0.4060891101915618
TOI-3364 b,TOI-3364,1,1,Transit,2023,5.8768918,12.229,530.77344,1.67,1264.0,425.0,1.6,0.0,0.22,10.24,0.4518845688410291
TOI-1266 c,TOI-1266,1,2,Transit,2020,18.801611,2.13,2.88,0.00906,354.0,2.7,1.6,0.34,0.769,52.1,0.4833010891817753
HD 191939 b,HD 191939,1,6,Transit,2020,8.8803256,3.41,10.0,0.03146,880.0,100.0,1.4,0.031,0.61,18.36,0.40938642415278803
TOI-2010 b,TOI-2010,1,1,Transit,2023,141.834025,11.814,408.72733,1.286,400.0,4.09,1.36,0.212,0.147,109.8,0.5323912168742759
HD 191939 c,HD 191939,1,6,Transit,2020,28.579743,3.195,8.0,0.02517,600.0,21.0,1.35,0.034,0.63,40.0,0.4237098533662132
HAT-P-59 b,HAT-P-59,1,1,Transit,2021,4.1419771,12.588,489.45575,1.54,1278.0,441.4,1.347,0.03,0.8299,9.87,0.38247158527365893
TOI-1266 b,TOI-1266,1,2,Transit,2020,10.894841,2.62,4.23,0.01331,425.0,5.5,1.3,0.22,0.549,36.21,0.44935091289843093
TOI-2977 b,TOI-2977,1,1,Transit,2023,2.3505614,13.159,533.95172,1.68,1544.0,947.8,1.28,0.0,0.097,6.806,0.4583025653391035
TOI-1937 A b,TOI-1937 A,2,1,Transit,2023,0.94667944,13.978,638.8351,2.01,2097.0,3230.0,1.28,0.0,0.8653,3.85,0.38068304217341337
KELT-21 b,KELT-21,1,1,Transit,2018,3.6127647,17.777,1242.7153,3.91,2051.0,2950.0,1.24,0.0,0.423,6.86,0.4248832244524619
TOI-561 c,TOI-561,1,4,Transit,2020,10.778831,2.91,5.39,0.01696,800.0,68.2,1.2,0.03,0.12,22.43,0.45803442573134445
Kepler-1654 b,Kepler-1654,1,1,Transit,2018,1047.8356,9.18,158.915,0.5,206.0,0.3,1.2,0.26,0.114,370.3,0.6328488494186844
TOI-1431 b,TOI-1431,1,1,Transit,2021,2.650237,16.701,991.62463,3.12,2370.0,5300.0,1.17,0.0022,0.881,5.15,0.377392897875797
TOI-1728 b,TOI-1728,1,1,Transit,2020,3.49151,5.05,26.78,0.08426,767.0,57.78,1.14,0.057,0.39,13.48,0.4253577906451108
WASP-77 A b,WASP-77 A,2,1,Transit,2012,1.36002854,13.787,529.81995,1.667,1715.0,1440.0,1.115,0.0074,0.109,5.332,0.4532459085214288
HATS-77 b,HATS-77,1,1,Transit,2021,3.0876262,13.058,436.69623,1.374,828.0,78.37,1.077,0.045,0.328,12.06,0.43061985704171435
TOI-4137 b,TOI-4137,1,1,Transit,2022,3.8016122,13.574,457.67291,1.44,1570.0,1013.0,1.01,0.0,0.584,7.8,0.4059434952453711
HATS-49 b,HATS-49,1,1,Transit,2020,4.1480467,8.575,112.19399,0.353,835.0,80.45,0.986,0.071,0.42,13.91,0.41649103533441895
TOI-2236 b,TOI-2236,1,1,Transit,2022,3.5315902,14.37,502.16888,1.58,1688.0,1356.0,0.93,0.0,0.766,6.84,0.38639172772181724
K2-419 A b,K2-419 A,2,1,Transit,2024,20.35847252,10.55,196.0,0.617,377.0,3.3,0.916,0.042,0.389,48.46,0.5317186205927864
TOI-674 b,TOI-674,1,1,Transit,2021,1.977143,5.25,23.6,0.07425,635.0,38.4,0.91,0.0,0.624,12.8,0.41026687438298565
EPIC 249893012 d,EPIC 249893012,1,3,Transit,2020,35.747,3.94,10.18,0.03203,752.0,53.0,0.91,0.15,0.25,27.42,0.42546331144012134
TOI-3693 b,TOI-3693,1,1,Transit,2022,9.088516,12.599,324.18498,1.02,801.0,68.6,0.89,0.0,0.17,22.13,0.45315358311353426
HATS-75 b,HATS-75,1,1,Transit,2021,2.7886556,9.909,156.05375,0.491,772.0,59.26,0.878,0.064,0.406,12.037,0.41868745318188194
HATS-68 b,HATS-68,1,1,Transit,2018,3.5862202,13.809,410.0007,1.29,1741.0,1521.0,0.856,0.036,0.736,6.232,0.38286042520309005
TOI-3819 b,TOI-3819,1,1,Transit,2023,3.2443141,13.137,352.78953,1.11,1633.0,1186.0,0.85,0.0,0.808,6.43,0.3810810406326574
TOI-3714 b,TOI-3714,2,1,Transit,2022,2.154849,11.321,222.47988,0.7,750.0,54.0,0.85,0.03,0.26,11.5,0.4384898076780748
TOI-1899 b,TOI-1899,1,1,Transit,2020,29.090312,11.097,212.94503,0.67,378.0,3.4,0.85,0.044,0.35,54.01,0.5325621285749285
TOI-2000 c,TOI-2000,1,2,Transit,2023,9.127055,8.14,81.7,0.257,1038.0,149.0,0.829,0.063,0.631,16.64,0.39298643908510233
TOI-6034 b,TOI-6034,2,1,Transit,2024,2.576184,11.92,254.0,0.798,714.0,43.0,0.82,0.04,0.674,12.95,0.39711741194270905
TOI-3629 b,TOI-3629,1,1,Transit,2022,3.936551,8.295,82.63539,0.26,690.0,39.0,0.8,0.05,0.2,15.4,0.4440449124420637
TOI-2207 b,TOI-2207,1,1,Transit,2022,8.001968,11.153,203.41018,0.64,1259.0,406.0,0.8,0.174,0.2,11.7,0.4166445814929265
HAT-P-62 b,HAT-P-62,1,1,Transit,2021,2.6453235,12.027,241.86742,0.761,1512.0,867.2,0.77,0.101,0.25,6.93,0.4208723617914732
TOI-3688 A b,TOI-3688 A,2,1,Transit,2023,3.246075,13.081,311.47184,0.98,1534.0,924.3,0.76,0.0,0.27,7.53,0.4339747055048017
TOI-169 b,TOI-169,1,1,Transit,2020,2.2554477,12.173,251.40353,0.791,1715.0,1443.0,0.76,0.0,0.9221,5.88,0.3683316095583973
TOI-181 b,TOI-181,1,1,Transit,2023,4.532,6.956,46.1687,0.1452,895.0,102.43,0.7562,0.1543,0.5348,15.5641,0.388818137423637
TOI-4860 b,TOI-4860,1,1,Transit,2023,1.5227591,8.7,86.7,0.273,694.0,42.5,0.75,0.008,0.29,11.0,0.4391327975628137
NGTS-15 b,NGTS-15,1,1,Transit,2021,3.27623,12.33,238.68913,0.751,1146.0,425.0,0.74,0.0,0.509,10.0,0.41070729817218715
HAT-P-68 b,HAT-P-68,1,1,Transit,2020,2.29840551,12.016,230.10892,0.724,1028.0,184.8,0.727,0.041,0.212,9.6,0.43508540970858234
HATS-59 b,HATS-59,1,2,Transit,2018,5.416081,12.621,256.17098,0.806,1128.0,269.0,0.7,0.129,0.457,12.66,0.397004920812763
K2-329 b,K2-329,1,1,Transit,2020,12.4551225,8.676,82.6358,0.26,650.0,45.7,0.694,0.0697,0.364,26.62,0.42415419404290605
TOI-157 b,TOI-157,1,1,Transit,2020,2.0845435,14.415,375.0394,1.18,1588.0,1062.0,0.686,0.0,0.8045,5.785,0.3792001900785035
TOI-3884 b,TOI-3884,1,1,Transit,2022,4.5445828,6.43,32.59,0.10254,441.0,6.29,0.67,0.06,0.089,25.9,0.50064264508358
HATS-63 b,HATS-63,1,1,Transit,2018,3.0566527,13.529,305.1168,0.96,1398.0,634.1,0.67,0.136,0.724,8.09,0.36728185376526795
K2-140 b,K2-140,1,1,Transit,2017,6.569188,13.563,295.58042,0.93,962.0,204.0,0.66,0.0,0.42,14.1,0.42022168526632264
TOI-257 b,TOI-257,1,1,Transit,2021,18.38818,7.163,43.86032,0.138,1027.0,186.0,0.65,0.0,0.643,17.6,0.3986175976294075
TOI-3785 b,TOI-3785,1,1,Transit,2023,4.6747373,5.14,14.95,0.04704,582.0,19.1,0.61,0.11,0.6,18.89,0.4025954530926242
TOI-2364 b,TOI-2364,1,1,Transit,2023,4.0197517,8.608,71.51139,0.225,1091.0,237.0,0.61,0.0,0.21,11.84,0.43992507010595766
TOI-5344 b,TOI-5344,1,1,Transit,2023,3.792622,10.604,130.9453,0.412,689.0,38.0,0.604,0.054,0.7348,14.78,0.38754865930856347
TOI-2134 c,TOI-2134,1,2,Transit,2023,95.5,7.27,41.89,0.1318,306.0,1.4,0.599,0.67,0.464,112.0,0.5867001053750318
TOI-4463 A b,TOI-4463 A,2,1,Transit,2023,2.8807198,13.26,252.35576,0.794,1395.0,633.0,0.595,0.0,0.88,8.17,0.37113981454516376
HATS-48 A b,HATS-48 A,2,1,Transit,2020,3.1316666,8.967,77.23269,0.243,955.0,137.6,0.589,0.162,0.083,11.33,0.42903153393090165
PH2 b,PH2,1,1,Transit,2013,282.52542,9.337,87.08498,0.274,295.0,1.2,0.58,0.215,0.297,188.9,0.7454230356237616
TOI-4087 b,TOI-4087,1,1,Transit,2023,3.1774835,13.047,232.01474,0.73,1458.0,753.9,0.57,0.0,0.328,8.63,0.42601849531563424
HD 191939 d,HD 191939,1,6,Transit,2020,38.353037,2.995,2.8,0.00881,540.0,14.3,0.57,0.031,0.44,48.7,0.4422227778908739
TOI-2570 b,TOI-2570,1,1,Transit,2022,2.9887615,13.641,260.61929,0.82,1431.0,699.0,0.563,0.0,0.32,8.13,0.42667600743686485
K2-237 b,K2-237,1,1,Transit,2018,2.18053539,16.197,433.20012,1.363,1828.0,1860.0,0.562,0.042,0.201,6.07,0.4315793977374962
TOI-5293 A b,TOI-5293 A,2,1,Transit,2023,2.930289,11.9,170.4,0.54,675.0,34.6,0.56,0.38,0.32,14.1,0.38035044607676327
HATS-37 A b,HATS-37 A,2,1,Transit,2020,4.3315366,6.793,31.46517,0.099,1085.0,229.7,0.55,0.0,0.14,12.05,0.4462524467264505
WASP-166 b,WASP-166,1,1,Transit,2019,5.44354,7.062,32.10083,0.101,1270.0,440.0,0.54,0.0,0.39,11.3,0.4202604165233687
HAT-P-63 b,HAT-P-63,1,1,Transit,2021,3.377728,12.543,195.14664,0.614,1237.0,387.4,0.54,0.069,0.262,9.56,0.4224996549452136
HATS-60 b,HATS-60,1,1,Transit,2018,3.560829,12.924,210.40346,0.662,1528.0,903.9,0.537,0.191,0.45,6.93,0.38436895534558385
KELT-9 b,KELT-9,2,1,Transit,2017,1.4811235,21.196,915.3504,2.88,4050.0,44900.0,0.53,0.0,0.177,3.153,0.4391773378363638
TOI-2421 b,TOI-2421,1,1,Transit,2022,4.3474032,10.368,105.83686,0.333,1534.0,923.6,0.52,0.0,0.409,6.67,0.4168511303358451
TOI-622 b,TOI-622,1,1,Transit,2023,6.402513,9.236,96.30201,0.303,1388.0,602.0,0.507,0.42,0.629,10.637,0.332611995601833
WASP-19 b,WASP-19,1,1,Transit,2009,0.78883852,15.861,366.77398,1.154,2113.0,3320.0,0.506,0.0126,0.6671,3.533,0.3881425360766227
KELT-23 A b,KELT-23 A,2,1,Transit,2019,2.255251,14.83,298.12454,0.938,1561.0,991.18,0.503,0.0,0.576,7.13,0.3999961034043225
NGTS-17 b,NGTS-17,1,1,Transit,2021,3.24253,13.899,242.8209,0.764,1457.0,1160.0,0.5,0.0,0.688,6.28,0.3885543718976432
TOI-3984 A b,TOI-3984 A,2,1,Transit,2023,4.353326,7.9,44.0,0.14,563.0,16.7,0.49,0.23,0.18,19.1,0.4277610476781725
HAT-P-25 b,HAT-P-25,1,1,Transit,2010,3.65281514,12.722,180.84527,0.569,1182.0,325.0,0.483,0.023,0.347,10.9,0.4206073407672123
HIP 65 A b,HIP 65 A,2,1,Transit,2020,0.9809734,22.754,1021.18779,3.213,1411.0,661.0,0.48,0.0,1.169,5.289,0.34025608842997557
HD 1397 b,HD 1397,1,1,Transit,2018,11.53533,11.5,131.89945,0.415,1228.0,356.0,0.477,0.251,0.17,10.1,0.40379255819331383
HATS-69 b,HATS-69,1,1,Transit,2018,2.2252577,10.593,183.38791,0.577,1296.0,466.6,0.46,0.519,0.207,7.859,0.35904145809393995
NGTS-1 b,NGTS-1,1,1,Transit,2017,2.647298,14.908,258.07796,0.812,790.0,65.3,0.42,0.016,0.9948,12.2,0.36062275076000855
HATS-72 b,HATS-72,1,1,Transit,2020,7.3279474,8.097,39.85588,0.1254,739.0,49.58,0.411,0.013,0.153,19.821,0.44827609499294974
HATS-38 b,HATS-38,1,1,Transit,2020,4.375021,6.882,23.51942,0.074,1294.0,464.7,0.403,0.0,0.476,9.81,0.40964891667641834
NGTS-16 b,NGTS-16,1,1,Transit,2021,4.84532,14.572,211.99155,0.667,1177.0,480.0,0.38,0.0,0.807,9.29,0.376149581305865
K2-261 b,K2-261,1,1,Transit,2018,11.633478,9.528,59.75174,0.188,1046.0,180.0,0.38,0.286,0.35,13.53,0.3809452802103545
KELT-18 b,KELT-18,2,1,Transit,2017,2.8717518,17.598,375.0394,1.18,2085.0,3152.0,0.377,0.0,0.102,5.138,0.4452458339153834
HATS-67 b,HATS-67,1,1,Transit,2018,1.6091788,18.887,460.8535,1.45,2193.0,3821.0,0.374,0.057,0.8613,4.526,0.360600735824432
TOI-954 b,TOI-954,1,1,Transit,2020,3.6849729,9.55,55.30242,0.174,1526.0,1393.0,0.35,0.14,0.56,5.63,0.37834654180294724
HD 202772 A b,HD 202772 A,2,1,Transit,2019,3.308958,17.318,323.23311,1.017,2132.0,3440.0,0.343,0.038,0.403,4.33,0.40888030021783706
HAT-P-9 b,HAT-P-9,1,1,Transit,2008,3.92281072,15.614,238.05467,0.749,1540.0,931.0,0.342,0.084,0.51,8.5,0.39229195408449946
XO-7 b,XO-7,1,1,Transit,2019,2.8641424,15.39,225.34147,0.709,1743.0,1540.0,0.34,0.038,0.709,6.43,0.3787452101999004
TOI-2818 b,TOI-2818,1,1,Transit,2023,4.039709,15.278,225.65817,0.71,1376.0,598.0,0.34,0.0,0.34,8.63,0.4221007459740635
HATS-47 b,HATS-47,1,1,Transit,2020,3.9228038,12.52,117.27927,0.369,853.0,87.73,0.331,0.088,0.7127,13.98,0.37591062656168184
TOI-4145 A b,TOI-4145 A,2,1,Transit,2023,4.0664428,13.305,136.66622,0.43,1074.0,223.0,0.32,0.0,0.8,12.07,0.37747385707265635
TOI-2842 b,TOI-2842,1,1,Transit,2023,3.5514058,12.845,117.59651,0.37,1471.0,781.8,0.304,0.0,0.785,8.07,0.37692826377368294
HATS-65 b,HATS-65,2,1,Transit,2018,3.105161,16.825,260.93843,0.821,1634.0,1178.0,0.3,0.062,0.667,7.38,0.37910493526991773
TOI-3807 b,TOI-3807,1,1,Transit,2023,2.8989727,18.495,330.54154,1.04,1646.0,1230.0,0.289,0.0,1.0,6.14,0.35473741154175276
TOI-2803 A b,TOI-2803 A,2,1,Transit,2023,1.96229325,18.114,309.8827,0.975,1893.0,2150.0,0.287,0.0,0.097,5.512,0.44477916492647596
NGTS-18 b,NGTS-18,1,1,Transit,2021,3.05125,13.563,129.99182,0.409,1381.0,845.0,0.28,0.0,0.183,6.97,0.43660877458360414
TOI-2567 b,TOI-2567,1,1,Transit,2022,5.983944,10.929,63.88351,0.201,1352.0,558.0,0.269,0.0,0.26,8.64,0.42929273352862163
TOI-3023 b,TOI-3023,1,1,Transit,2023,3.9014971,16.432,197.05361,0.62,1596.0,1084.0,0.245,0.0,0.13,6.53,0.44132162200718983
HATS-64 b,HATS-64,1,1,Transit,2018,4.908897,18.82,305.1168,0.96,1793.0,1711.0,0.245,0.151,0.321,6.68,0.39948028795834833
TOI-3912 b,TOI-3912,1,1,Transit,2023,3.4936264,14.28,129.03833,0.406,1512.0,872.2,0.243,0.0,0.544,7.16,0.40008977039356636
KELT-4 A b,KELT-4 A,3,1,Transit,2016,2.9895932,19.044,286.68266,0.902,1823.0,1840.0,0.228,0.0,0.689,5.792,0.384955088411261
NGTS-12 b,NGTS-12,1,1,Transit,2020,7.532806,11.747,66.10864,0.208,1257.0,416.0,0.223,0.0,0.2,10.28,0.43526002073281655
TOI-2587 A b,TOI-2587 A,2,1,Transit,2023,5.45664,12.072,69.28659,0.218,1445.0,728.0,0.216,0.0,0.716,7.92,0.3827871597962492
KELT-12 b,KELT-12,1,1,Transit,2017,5.031623,19.952,301.9385,0.95,1800.0,1749.0,0.209,0.0,0.586,6.08,0.39509230921754945
TOI-1173 b,TOI-1173,2,1,Transit,2024,7.06466,9.19,27.4,0.08621,868.0,132.0,0.195,0.023,0.771,16.02,0.37725556137458693
HAT-P-58 b,HAT-P-58,1,1,Transit,2021,4.0138379,14.93,118.23217,0.372,1622.0,1146.0,0.194,0.073,0.534,7.02,0.38944012765731617
WASP-76 b,WASP-76,2,1,Transit,2016,1.80988198,20.781,284.1386,0.894,2228.0,4104.0,0.17,0.0,0.027,4.08,0.4500622527750564
TOI-3976 A b,TOI-3976 A,2,1,Transit,2023,6.607662,12.274,55.61997,0.175,1295.0,469.0,0.165,0.0,0.505,10.63,0.40404738060298023
HAT-P-60 b,HAT-P-60,1,1,Transit,2021,4.7947813,18.282,182.43351,0.574,1772.0,1634.0,0.164,0.25,0.668,6.146,0.3488900756584203
TOI-2796 b,TOI-2796,1,1,Transit,2023,4.8084983,17.262,139.8445,0.44,1205.0,352.0,0.15,0.0,0.97,11.43,0.35776729371715327
TOI-2583 A b,TOI-2583 A,2,1,Transit,2023,4.5207265,14.46,79.4571,0.25,1456.0,750.9,0.144,0.0,0.27,8.31,0.42659910902145787
HAT-P-64 b,HAT-P-64,1,1,Transit,2021,4.007232,19.089,184.34048,0.58,1766.0,1611.0,0.144,0.101,0.232,6.67,0.4147039788086605
WASP-174 b,WASP-174,1,1,Transit,2018,4.2337005,16.107,104.88337,0.33,1528.0,901.9,0.135,0.0,0.953,8.789,0.3582033202142277
HAT-P-32 b,HAT-P-32,2,1,Transit,2011,2.1500082,22.194,216.1244,0.68,1836.0,1841.0,0.108,0.159,0.083,5.344,0.4202211069211966
TOI-2641 b,TOI-2641,1,1,Transit,2023,4.880974,18.103,122.68177,0.386,1387.0,602.0,0.092,0.18,1.043,9.677,0.3220604457487547
TOI-615 b,TOI-615,1,1,Transit,2023,4.6615983,18.977,138.25536,0.435,1666.0,1286.0,0.084,0.39,0.476,8.458,0.3466371256757436
TOI-1420 b,TOI-1420,1,1,Transit,2023,6.9561063,11.89,25.1,0.07897,957.0,139.0,0.082,0.17,0.412,16.53,0.38975348938339327
HATS-62 b,HATS-62,1,1,Transit,2018,3.2768837,11.825,56.89157,0.179,1237.0,387.4,0.076,0.298,0.348,9.59,0.373982344416847
TOI-3540 A b,TOI-3540 A,2,1,Transit,2022,3.119999,23.539,375.03752,1.18,1498.0,841.3,0.065,0.0,1.073,7.51,0.3451908609408668
TOI-2193 A b,TOI-2193 A,2,1,Transit,2022,2.1225735,19.84,298.7587,0.94,1763.0,1600.0,0.06,0.0,0.99,5.71,0.35291238980840123
WASP-193 b,WASP-193,1,1,Transit,2023,6.2463345,16.41,44.17815,0.139,1254.0,413.0,0.059,0.056,0.309,11.74,0.4143254476032119
